id;user_id;first_name;last_name;sex;job_title
1;88F7B33d2bcf9f5;Shelby;Terrell;Male;Games developer
2;f90cD3E76f1A9b9;Phillip;Summers;Female;Phytotherapist
3;DbeAb8CcdfeFC2c;Kristine;Travis;Male;Homeopath
4;A31Bee3c201ef58;Yesenia;Martinez;Male;Market researcher
5;1bA7A3dc874da3c;Lori;Todd;Male;Veterinary surgeon
6;bfDD7CDEF5D865B;Erin;Day;Male;Waste management officer
7;bE9EEf34cB72AF7;Katherine;Buck;Female;Intelligence analyst
8;2EFC6A4e77FaEaC;Ricardo;Hinton;Male;Hydrogeologist
9;baDcC4DeefD8dEB;Dave;Farrell;Male;Lawyer
10;8e4FB470FE19bF0;Isaiah;Downs;Male;Engineer, site
11;BF0BbA03C29Bb3b;Sheila;Ross;Female;Advertising account executive
12;F738c69fB34E62E;Stacy;Newton;Male;Warden/ranger
13;C03fDADdAadAdCe;Mandy;Blake;Male;Scientist, clinical (histocompatibility and immunogenetics)
14;b759b74BD1dE80d;Bridget;Nash;Female;Social worker
15;1F0B7D65A00DAF9;Crystal;Farmer;Male;Agricultural consultant
16;50Bb061cB30B461;Thomas;Knight;Female;Sport and exercise psychologist
17;D6dbA5308fEC4BC;Maurice;Rangel;Male;Secretary/administrator
18;311D775990f066d;Frank;Meadows;Male;Audiological scientist
19;7F7E1BAcb0C9AFf;Alvin;Paul;Male;Teacher, adult education
20;88473e15D5c3cD0;Jared;Mitchell;Female;Paediatric nurse
21;b31D271F8c200AB;Jacqueline;Norton;Female;Scientist, marine
22;42F4BdA841aBadC;Colleen;Hatfield;Female;Commercial horticulturist
23;cBbBcA0FCA3C4Bc;Randy;Barnes;Male;Outdoor activities/education manager
24;f1f89173353aD90;Janice;Rhodes;Female;Drilling engineer
25;c5B09fb33e8bA0A;Alfred;Mcneil;Female;Systems analyst
26;c9F2282C40BEC1E;Sean;Levine;Male;Conservation officer, nature
27;9c1bc7EC53Fb7cE;Louis;Payne;Male;Counsellor
28;ddEc50e2A2e3a2B;Brittney;Vega;Female;Recycling officer
29;66F096D36Ebae11;Judy;Buckley;Male;Art gallery manager
30;F0fE2faAd78F8b5;Norman;Weber;Male;Gaffer
31;5d2feAfbdCAA6B5;Isaiah;Camacho;Female;Food technologist
32;cDa5F303fCd6dEa;Jacqueline;Gallagher;Male;Building services engineer
33;8Ef7DBfcaB02b6B;Bonnie;Andrews;Female;Seismic interpreter
34;6Dec5b5542F8ed8;Brandon;Schmidt;Female;Engineer, biomedical
35;3Fb8a7f68e12784;Jackson;Sparks;Female;Set designer
36;035eff50B9A0F24;Melody;Cook;Male;Research scientist (life sciences)
37;aa614aAE4B7Cf0C;Leonard;Hurst;Male;Accountant, chartered management
38;ACcde95AAe3e6cC;Gene;Rich;Female;Surveyor, quantity
39;b6a35de5CB6fc25;Cynthia;Wiggins;Female;Outdoor activities/education manager
40;e92A191E345fA3A;Tanya;Mckinney;Female;Information systems manager
41;7D0AcBF6CCac3fd;Matthew;Stone;Female;Scientist, clinical (histocompatibility and immunogenetics)
42;CEFA7BBCef013AE;Kirk;Walsh;Female;Accounting technician
43;9edBC94aE7cA22a;Willie;Vang;Female;Management consultant
44;fFe7BAA737aDbe2;Miguel;Hill;Female;Make
45;5F2f3fAca8B0946;Darren;Andrews;Male;Retail banker
46;6bFcfc3cc1BC6B4;Haley;Pugh;Female;Commissioning editor
47;f3BD2cBF7eEb6df;Danielle;Estrada;Female;Accountant, chartered management
48;Ee4eB129dC7913A;Becky;Brady;Male;Seismic interpreter
49;dBCEf340C3657Eb;Caitlyn;Frey;Male;Jewellery designer
50;E47FB71DD9ACCd9;Joshua;Sweeney;Male;Education officer, museum
51;eA3fDd79BE9f0E7;Heidi;Escobar;Female;Estate manager/land agent
52;aF0eE4547Bc025c;Brian;Oconnell;Female;Physiotherapist
53;9F5DeD7aD228F5a;Beverly;Esparza;Female;Passenger transport manager
54;D3Fa0220dDE4d36;Nathaniel;Rivas;Female;Call centre manager
55;60FdBFd5e7BE8fF;Debra;Payne;Female;Special educational needs teacher
56;D8bF5Ab2b98caff;Mackenzie;Rocha;Female;Museum/gallery exhibitions officer
57;CD8d33aA25bc8BB;Courtney;Watkins;Female;Pension scheme manager
58;Fac3BfFf0A3d03c;Fred;Olsen;Female;Archaeologist
59;e552D7ddafe1FFb;Ryan;Nelson;Female;Historic buildings inspector/conservation officer
60;0f8deedb629A5f6;Grace;Phelps;Male;Petroleum engineer
61;bB9e49E506F65ed;Shari;Daugherty;Male;Curator
62;Ed724605A403D91;Kelli;Garner;Male;Retail banker
63;0aBE5ACb18E0c10;Jackie;Bennett;Male;Neurosurgeon
64;5D2cb63CaAF53f6;Leslie;Conway;Female;Chiropractor
65;Ee6974f90eeCe18;Harold;Barnett;Female;Biochemist, clinical
66;cEf02C076afa07f;Larry;Harper;Male;Scientist, water quality
67;9Df5Ba591bF3EFf;Mike;Ward;Female;Hydrologist
68;3faB1CBfEFBDdD4;Brittney;Rubio;Female;Biochemist, clinical
69;Ebcefdf75eCb0a9;Frank;Pineda;Male;Hospital pharmacist
70;e75e5DBfcb68887;Sandra;Wu;Male;Warehouse manager
71;6a53a8D41dDF6de;Ryan;Benton;Male;Physiological scientist
72;F0d3bD1aaf9E3Bc;Tamara;Hull;Male;English as a second language teacher
73;5bC87340799FBD0;Jean;Ritter;Female;Financial trader
74;dBfA17Aaf16b4ab;Veronica;Briggs;Female;Structural engineer
75;c935b7Eb6FA0B0F;Kim;Andrews;Female;Biochemist, clinical
76;b3e15e65Ca2CcBf;Tina;Cunningham;Male;Race relations officer
77;dade3452F0c32FD;Jonathon;Atkinson;Male;Psychologist, forensic
78;AdEd6cfD85DeC46;Jermaine;Reid;Female;Newspaper journalist
79;DAf111987098ae4;Regina;Stevens;Male;Public house manager
80;6e6a5b885F6496d;Terrence;Huff;Male;Careers information officer
81;12DCb4ED8E01D5C;Tyler;Foley;Female;Economist
82;E1cB5cA8CA7CC0a;Andrew;Waters;Male;Jewellery designer
83;AedDfaE8Cf49F07;Reginald;Stephenson;Male;Contracting civil engineer
84;bff9853aFAeF772;Douglas;Reese;Female;Higher education lecturer
85;E883773cA5219Be;Helen;Williamson;Female;Lecturer, further education
86;CB19EafEbBfF9eC;Mario;Vaughn;Male;Research scientist (life sciences)
87;5834700fbEd2771;Chelsea;Dickson;Male;Teacher, early years/pre
88;2b0Ab1Dc9E01D7E;Dustin;Bailey;Male;Travel agency manager
89;3f3a3D89ad042Dd;Harry;Medina;Female;Technical sales engineer
90;9425E2F38C408ef;Kathy;Haney;Female;Charity fundraiser
91;F0aeC9c2759F3C6;Alison;Nixon;Female;Patent attorney
92;d6EA619A7C4aA95;Jamie;Hardy;Female;Conservator, furniture
93;2A33E7Cad1bb0F5;Melody;Cox;Female;Dance movement psychotherapist
94;d181FFB7d3E68bb;Xavier;Cole;Male;Financial planner
95;feaBf8dAE0C0d6F;Dillon;Guzman;Female;Air broker
96;5eFda7caAeB260E;Dennis;Barnes;Female;Software engineer
97;CCbFce93d3720bE;Steve;Patterson;Female;Barrister
98;2fEc528aFAF0b69;Wesley;Bray;Male;Police officer
99;Adc7ad9B6e4A1Fe;Summer;Oconnell;Female;Broadcast journalist
100;b8D0aD3490FC7e1;Mariah;Bernard;Male;IT sales professional